{
  "properties": {
    "connectionReferences": {
      "shared_msnweather": {
        "runtimeSource": "invoker",
        "connection": {
          "connectionReferenceLogicalName": "smarthis_sharedmsnweather_b8b93"
        },
        "api": {
          "name": "shared_msnweather"
        }
      }
    },
    "definition": {
      "$schema": "https://schema.management.azure.com/providers/Microsoft.Logic/schemas/2016-06-01/workflowdefinition.json#",
      "contentVersion": "1.0.0.0",
      "parameters": {
        "$connections": {
          "defaultValue": {},
          "type": "Object"
        },
        "$authentication": {
          "defaultValue": {},
          "type": "SecureObject"
        }
      },
      "triggers": {
        "manual": {
          "metadata": {
            "operationMetadataId": "dd89d4f3-5a8a-48f0-ae16-6920ae9f1d12"
          },
          "type": "Request",
          "kind": "Button",
          "inputs": {
            "schema": {
              "type": "object",
              "properties": {},
              "required": []
            }
          }
        }
      },
      "actions": {
        "Obter_previsão_do_tempo_para_hoje": {
          "runAfter": {},
          "metadata": {
            "operationMetadataId": "e78e156f-126a-41ab-957a-1a1e6c20c39a"
          },
          "type": "OpenApiConnection",
          "inputs": {
            "host": {
              "connectionName": "shared_msnweather",
              "operationId": "TodaysForecast",
              "apiId": "/providers/Microsoft.PowerApps/apis/shared_msnweather"
            },
            "parameters": {
              "Location": "Nova Iguaçu",
              "units": "C"
            },
            "authentication": {
              "type": "Raw",
              "value": "@json(decodeBase64(triggerOutputs().headers['X-MS-APIM-Tokens']))['$ConnectionKey']"
            }
          }
        }
      }
    },
    "templateName": null
  },
  "schemaVersion": "1.0.0.0"
}